Dreamer,delusional@mail.com
Henry,henry.simp@mail.com
Johnny ,johnny.badguy@mail.com
Balaur,balaur@mail.com
Jackie,jackie@mail.com
Vasile Cojocaru,cojocaru@mail.com
Ion,ion@mail.com
Dummy,dummy.test@mail.com
